x,y,xp,yp
-0.008178396766496156,-0.01313006286830154,-0.005233780650814063,-0.009633965646788097
-0.006387865257539817,-0.006273944816712929,-0.004297973077724749,-0.005087261882219739
-0.008573205308798956,-0.01269325043501764,-0.01315706104137591,-0.01083227963038137
-0.006611609051349847,-0.005410383167121912,-0.009911877459363123,-0.006376919887472302
-0.006661551938671629,-0.006757127755359671,-0.00523106486406871,-0.006552029077475823
-0.006190088722121245,-0.009667515992675634,-0.001845013484580724,-0.007756650683574376
-0.009196119243689124,-0.006702270839025574,-0.0158891759417813,-0.006523483142506996
-0.008591083664646752,-0.01837934779066416,-0.01819281288494537,-0.01208094358156697
-0.008288748053943085,-0.01279942268883886,-0.01597074347301142,-0.009046248167480049
-0.006961091691143961,-0.01113618071512209,-0.006352419717345614,-0.0100755484199631
-0.007287170138011029,-0.00525071364595641,0.003608894522281199,-0.004832086771975866
-0.007496292589900134,-0.01084057343063285,-0.01676720173618674,-0.007138817962202727
-0.007047589728147671,-0.008959907450643942,-0.003854378236132259,-0.005654187792775978
-0.00668059652848761,-0.0117950481886158,-0.01261777243334767,-0.00987146352206016
-0.006969537347446255,-0.007175648958522384,-0.007019865624913949,-0.006001730692680819
-0.008223488074689981,-0.01162275575716326,-0.006586093742171911,-0.008639901774492934
-0.006229833468820478,-0.00900140342322351,-0.003733040081155904,-0.007034445566659828
-0.005991530623533815,-0.01074102855939689,-0.007825054712361262,-0.006770583562542529
-0.009379119532721112,-0.01308597480928528,-0.01544415791002198,-0.01012935441143916
-0.006927741150930821,-0.009840491867609718,-0.01055038476640435,-0.008033592976261637
-0.006324568075626007,-0.003916064418257516,-0.00703482809960426,-0.005242625473284905
-0.006953166546273599,-0.007285433559928525,-0.002992931155627356,-0.006880342242024252
-0.006351662854993008,-0.01176276420455465,-0.009984723026013833,-0.008367955164172942
-0.009965899178630484,-0.01145915368459985,-0.008783387496646923,-0.009004706727621685
-0.006954057614505524,-0.01226648327192236,-0.00925569771254563,-0.008498172028002692
-0.007185370930836847,-0.01229741406862402,-0.009744121292977135,-0.009698870675910423
-0.006914364551656255,-0.009745558129720326,-0.002758923619331289,-0.007466121410428103
-0.006882569211518494,-0.005970830042090864,-0.006982665184760255,-0.005106911770654125
-0.006162364290731612,-0.009234210588437576,-0.01557521207709733,-0.008227026670312733
-0.006220977974582301,-0.008963677662551187,-0.008105236167503766,-0.006415031170807488
-0.005151544946453835,-0.006652270950794626,-0.01014074554765947,-0.005142257136325643
-0.00735444247084952,-0.006965440978382149,-0.01038068906571855,-0.004650959976349
-0.007544246946879142,-0.01117557106770318,-0.006198293540211152,-0.008150086034563676
-0.006514799529156017,-0.005573955084371125,-0.01403315259645009,-0.005637822134928247
-0.006762987004373429,-0.0116030897361132,-0.01115061555387664,-0.008006016742929788
-0.007751054503711591,-0.01302822564137843,-0.01370725018378729,-0.009741420363081454
-0.007193221448526557,-0.001276139315080521,-0.003887934007618997,-0.004058338794809829
-0.007300763880757075,-0.006253213650033125,-0.0105738085144804,-0.006445103421707377
-0.009085004292483202,-0.006132012007207062,-0.01525958146085668,-0.00549454482250025
-0.006881442180396619,-0.0097216481417041,-0.003467286180646121,-0.008277649799647735
-0.009230266440145928,-0.007319686622200066,-0.01993807823668316,-0.007567417233465386
-0.007280387129537878,-0.01040775272456874,-0.01551336893184804,-0.008797459913953067
-0.006344314666331409,-0.006553984564788709,-0.007323801786902607,-0.005243463475639466
-0.007794873830579972,-0.004871031081830939,0.002785640220081247,-0.005822392863724428
-0.008666515001908334,-0.00277363796045468,-0.01950705215397905,-0.004586178825588116
-0.006265463856698412,-0.0126501943385007,-0.00103709403544984,-0.009573757546267847
-0.00897092961469435,-0.01143409879919031,-0.01477984710994686,-0.008946475350469114
-0.006562885794032308,-0.003091381902238546,-0.003576513739711511,-0.006269470107095122
-0.006682659528506288,-0.01431829681684274,-0.007497375078817932,-0.009796427996729796
-0.008475375953413272,-0.01258057582364704,-0.02009300375430327,-0.00953781224794904
-0.00679059543442731,-0.00979343317000116,-0.01313603647569378,-0.008196974210719857
-0.009047651423374124,-0.01020099182083651,-0.01195563811571012,-0.009304819983427463
-0.006335070563863529,-0.01436222762218,-0.00690963058262156,-0.01033239479968999
-0.007045103476532887,-0.01467384172989119,-0.01641388114586616,-0.01138275607839962
-0.006195525736348998,-0.01198693577016881,-0.0006573775786365369,-0.008280357068310115
-0.007484539681138325,-0.004068062227911975,-0.01177305857497915,-0.005266545027376991
-0.007768090425448432,-0.007984590857137907,-0.01049074775486692,-0.006436290355275014
-0.005837038905485539,-0.009783983543100528,-0.004494914351419825,-0.007209283035390309
-0.006469471624964794,-0.01206062381146419,-0.003047478004526484,-0.008960473756482228
-0.007687307958702312,-0.01042819069420071,-0.01175262286378026,-0.008277700971785385
-0.008607800845470123,-0.009027907899532023,-0.01038017768694182,-0.007269577398346847
-0.006575815637119362,-0.01712585357183728,-0.001730137620804366,-0.01026230710408311
-0.00666775689135144,-0.01006671010427835,-0.00686823967400358,-0.007609842297160116
-0.007017475552402501,-0.009698258383471992,-0.004858768812449225,-0.005783424010097325
-0.0055651503601981,-0.01181607548565135,-0.01208283740347201,-0.00897996048310854
-0.007442076420657792,-0.00605294770205944,-0.0115646560844629,-0.003958524721636125
-0.006251515060016743,-0.004772860778551398,-0.002699221412162434,-0.004288894562383575
-0.009617815694695489,-0.008742682934996361,-0.01911722482891769,-0.006403024862803459
-0.007844355986750366,-0.003874757573188917,0.003178343905955398,-0.004464148652150703
-0.009713305009226347,-0.01642236044538012,-0.01053012702282001,-0.01224514735605991
-0.009557952629599955,-0.0130489636374683,-0.01530644730579142,-0.009494347716784828
-0.006352738940781272,-0.01282074024576149,-0.001919601597034238,-0.008070300522560064
-0.006770815293944444,-0.01228823616770035,-0.004732079304759031,-0.009711236593675022
-0.006990252911434501,-0.007778785006998483,0.0002259835447551758,-0.006645880673793304
-0.008795298704415686,-0.01134772875205958,-0.02268657776944521,-0.008907061582620357
-0.008796634020465826,-0.01233046018468709,-0.02282664312149989,-0.009141090450352142
-0.007071950993841893,-0.004468371860584084,-0.01504761597745504,-0.003444255943495414
-0.00663003421261817,-0.00845633928414471,-0.006484177896802338,-0.006362072122921497
-0.006046317864499298,-0.008250104269012282,-0.008691879630365001,-0.008486777187380206
-0.007291394888425094,-0.0106115268977333,-0.01355014068065194,-0.009268666201495137
-0.006808700141188994,-0.01085830766590881,-0.00239823700358586,-0.00806855280366448
-0.007267915674957406,-0.01420699767484293,0.004429367270556116,-0.009444237927261793
-0.006944971850087861,-0.00894741047420052,0.001948790365283341,-0.00815510616287254
-0.009432722548637158,-0.01312546432086758,-0.01659009320363333,-0.01076264276122685
-0.005494472494891349,-0.005299419644992091,-0.008040268690717762,-0.006016079404605718
-0.007802850446169765,-0.01021086429295906,-0.01280549008028372,-0.007189259213951668
-0.007476293435714913,-0.01049824336842417,-0.003413546043230356,-0.007347771707464903
-0.007235264100780354,-0.015705191501211,0.001469319380463113,-0.00889925203420337
-0.007255033020669935,-0.00636100823852585,-0.002085170305485684,-0.006692233328098022
-0.007788970045923467,-0.01176731644227496,-0.01401989861943991,-0.008393599561722821
-0.005025258293028339,-0.008186098481079675,-0.008516678647041942,-0.005944687625772223
-0.008840037746778807,-0.008706084922802193,-0.02044978752841875,-0.006235799919125448
-0.006170056780899453,-0.01198340044882586,-0.009745443901578927,-0.008451594858041485
-0.005996231499834112,-0.01162569871727107,-0.00617357668606486,-0.009529226586832189
-0.00596929508575731,-0.01204394365328443,-0.01345633897535214,-0.007847731072100062
-0.007417516532221309,-0.005993913314273307,0.000805146601200896,-0.006731772664095384
-0.005082318467314509,-0.009523009542671875,-0.009820209724284006,-0.008398352480225853
-0.00634273908561459,-0.01093441003261736,-0.005692354032703435,-0.00937406359476793
-0.005859714580274539,-0.007407857117722518,-0.00785141277328958,-0.006392012013984708
-0.005582278452488881,-0.01040334279859194,-0.01109800512851099,-0.008054704976606583
-0.007076214775520555,-0.01387158400237802,-0.001183189987035378,-0.009987927959445165
-0.007179152427669076,-0.006105367948897818,-0.01111197296395699,-0.004597035198852059
-0.007374721259634367,-0.01004862400996819,0.007189345155364495,-0.006469310684570159
-0.006397464647079099,-0.008882893124231015,-0.004613794671494403,-0.007132632102620672
-0.007268230628426799,-0.005612193262669792,-0.01208444795305151,-0.005769506635309399
-0.005766393082691786,-0.006607032772365145,-0.01155126734764194,-0.006819386004710083
-0.006953560803096327,-0.005961211166632598,-0.01476735135665319,-0.005372671427842763
-0.007449556304663076,-0.01091756222416902,-0.02489186117223412,-0.01024458149138667
-0.006954056063571344,-0.01074744805554234,-0.006076228830388893,-0.007815336072088022
-0.007692302381375223,-0.01143388100528206,-0.01582457263584503,-0.008323864120581826
-0.00644655815192847,-0.008693911961851701,-0.008825695327823117,-0.005900162129860816
-0.006953028340921538,-0.007402127821716271,0.004387847336005633,-0.006878000623687265
-0.009166814643060052,-0.003536664894033914,-0.02206635253453584,-0.003357873816782856
-0.008960066527745933,-0.0129746429528173,-0.01817042548943928,-0.0110017042185775
-0.00800002306100387,-0.00851921768249431,-0.01495855346053587,-0.005942686109622198
-0.008015369022808106,-0.01564303744644724,-0.02082459188840714,-0.01135343872046965
-0.00806693343315702,-0.007197355563796212,-0.01315483433039372,-0.006184002522112111
-0.008559712785525881,-0.002987919107740569,-0.01669466346554648,-0.003775215758386243
-0.006775270345428588,-0.007375203239132258,0.004264641697985763,-0.005664038931146888
-0.006952872606606148,-0.007871601198391335,-0.01072338736273102,-0.00720054568055761
-0.006716714382446019,-0.01198028206765511,-0.007380318008870168,-0.009051649878670805
-0.007087388915398524,-0.009425104000619603,0.001445232890295765,-0.009165944359397254
-0.007860600556608179,-0.006288126736146202,-0.01086978697436345,-0.006040082326739976
-0.006021071860550084,-0.01267555834949384,-0.005481966932553072,-0.008656512063026449
-0.006392747494390836,-0.004193374493733162,-0.003058875910503249,-0.005507834820274426
-0.006777179265016003,-0.01516157114184553,-0.003473371149701547,-0.01036230627210106
-0.006605791466136563,-0.01457313748245064,-0.001060085795660316,-0.009104343498335415
-0.006103312821415295,-0.00843748830379303,-0.006541023030703402,-0.00697628909237773
-0.007417692889788783,-0.01099286573284599,-0.006061458673945315,-0.00764038222587847
-0.006484330571842431,-0.01219137285786874,-0.0147845053709846,-0.01021697215741525
-0.00662346701647985,-0.01155958598614935,-0.00772135337487555,-0.008348402526383846
-0.005888989295701072,-0.01054760970939539,-0.003787456319349688,-0.008584748229589732
-0.007721274957315925,-0.008287998932926529,-0.004062933339302926,-0.006843946960244075
-0.00818635616900646,-0.01113083891962144,-0.009665115576675857,-0.008038679001681481
-0.007919321799131709,-0.01529645564070458,-0.01659218210992706,-0.01135190620513622
-0.006730867447955239,-0.01020553167459704,-0.007419390333081061,-0.00845074856516824
-0.006219124525225383,-0.01185633743388351,-0.001779335133967951,-0.008219145049507465
-0.006791042242134001,-0.01465783351888785,-0.01100191181216374,-0.009311293770205932
-0.007596074340512002,-0.00708639976842915,-0.01486301708894223,-0.007559710179209404
-0.007333828831175318,-0.01097795731116809,-0.008729564762348336,-0.0085553585175027
-0.007900698216265416,-0.01303520568991571,-0.01272155930017488,-0.01076997560634103
-0.006776571194154118,-0.006712635673977167,-0.00374052731285761,-0.006520222731943112
-0.006590306962337434,-0.01163961216599762,-0.0004063349705916916,-0.007605281125733139
-0.006935322812974192,-0.01112738490257159,0.002751471510799661,-0.007467341207842428
-0.007938072417665228,-0.01343862735337979,-0.000247131935704973,-0.009261437489855216
-0.005868909244033715,-0.01077369492942342,-0.006002212786163809,-0.008799088722111827
-0.006809682592993577,-0.005752570291839903,-0.003694874081184353,-0.006419904966046937
-0.006996750021099786,-0.01045487565819231,-0.01569789317361809,-0.007260351048825033
-0.008325712048883913,-0.01696565903840972,-0.01452548588946174,-0.01214426572381467
-0.006963812860948853,-0.01449702179468936,-0.01303390165797196,-0.01131002013461695
-0.005660340865440903,-0.007383455362167758,-0.006186565434554214,-0.005546933130765377
-0.007302915921497493,-0.01087674422614174,-0.01975888756634658,-0.00893281838590108
-0.006343011164687157,-0.009555153609108843,-0.003312943330399368,-0.008080901182055941
-0.007254946869853297,-0.007177141933762587,-0.02020603401078127,-0.007052889019806544
-0.006502728347719988,-0.005809122409486063,-0.002000566020148559,-0.004880224386213469
-0.007059596261280204,-0.006779430172023371,-0.001575213672476513,-0.005728837911772553
-0.008731933043203048,-0.007559847637302805,-0.01521341438738438,-0.006279398554215413
-0.007182574256968572,-0.00841382105152655,-0.0014125648119749,-0.00691998945005291
-0.007333827007807596,-0.009736824562112346,-0.01706369336720133,-0.008229350153994884
-0.006054922052875,-0.004321723163968602,-0.001292493668180978,-0.003687939599069812
-0.005855176073617085,-0.009791000453815295,0.003975906571564599,-0.009597602581426574
-0.008160478926187237,-0.01524282633161684,-0.01109859360623938,-0.01006012315002083
-0.007516901134267246,-0.008737081459664694,0.001527198685864352,-0.006354027346812583
-0.006746428664730983,-0.01408380396993011,-0.01730156243101025,-0.01080737220344116
-0.006371892585329927,-0.008450322503065771,-0.01068734491038722,-0.006097901306185935
-0.006190478891302469,-0.01159376116100517,-0.009387462863784585,-0.008226897252437873
-0.00891960790346226,-0.006638244480310139,-0.01689965604273495,-0.006323500889938765
-0.007333604768019803,-0.01042253023475746,-9.386531250558593e-05,-0.007547292684816065
-0.01011306348913081,-0.007026951296444086,-0.0106895044559509,-0.006930824873152022
-0.005990226945473385,-0.009883025544300657,-0.01184148189999663,-0.009154844395553802
-0.008301989324375494,-0.01370384229121905,-0.02508935009586777,-0.01082112285445795
-0.006241814563006757,-0.01110450740155723,-0.008526604104344344,-0.007270078788727429
-0.007887529172879234,-0.01167777102666849,-0.01935293341913026,-0.008141132309860095
-0.006891997500244135,-0.00868060346107663,-0.01363047163848279,-0.006068937870648588
-0.007270639982118585,-0.01208120228801679,-0.006148199119777721,-0.008720310586608111
-0.006740134361142291,-0.005400375687930255,-0.0109432019055392,-0.004775267664767723
-0.007080364528128984,-0.01219367159250059,-0.01392693612683141,-0.009902358893354172
-0.008802727456545312,-0.008110925453546941,-0.01859221210729424,-0.006172349917435396
-0.007440709790085025,-0.00883942527554018,0.003508761190775388,-0.007037667067289336
-0.007589993027916565,-0.00992149096491794,-0.01284748017198203,-0.007738067477818106
-0.009061813531694107,-0.007220783106772315,-0.01655520297783348,-0.006712147844896817
-0.007794477065064308,-0.01341231236741753,-0.01319965518664135,-0.01004821487780757
-0.005527235755357569,-0.01083394301350884,-0.004816710222722649,-0.007947672814419625
-0.008059515130015356,-0.01002470572757892,-0.02159887206130508,-0.009263377392712673
-0.00755147087402119,-0.01135015210727879,0.001320651856283012,-0.01008482825157313
-0.006547668559573339,-0.01227756932271374,-0.003224163488987734,-0.0079919662914448
-0.005245519071984971,-0.01050818687909345,-0.01319427365885305,-0.008652233456247799
-0.006937794286011177,-0.003940094056386927,-0.003888638116499391,-0.004633197203798331
-0.006452192635561623,-0.01080174718780056,-0.002092333611378143,-0.00806076575015666
-0.009309669669524172,-0.007419466387565906,-0.01902575487713066,-0.005857714738092566
-0.008108724175683066,-0.009756102712243642,-0.007987404208824015,-0.008009828779273047
-0.008396293831450553,-0.01249827001796933,-0.01260928369968814,-0.008971521005531061
-0.006571894250771754,-0.008940399998486167,0.001580524836951328,-0.007592055136666747
-0.006034924272300016,-0.0141858519065896,0.001370868407892514,-0.00884736530087786
-0.008163093232363536,-0.01397776229595936,-0.01354544502075538,-0.01010297284009878
-0.008112725411625145,-0.01176036684836633,-0.01144482366835682,-0.008822859368328582
-0.00869413664593533,-0.02108849414881472,-0.01647262981297438,-0.01512805290594564
-0.008238095364230449,-0.01172608821036778,-0.01055007321440538,-0.008173821841925898
-0.006173240712242312,-0.009011549885850978,-0.004468912993537224,-0.007581305553320993
-0.006152769359997794,-0.008832692184961025,-0.005480386900010036,-0.006864350888185399
-0.008357798667835436,-0.01376489289456381,-0.01426978596806932,-0.01060996237043215
-0.006198865169857395,-0.01082857111924413,-0.007695685847624092,-0.007518708319356603
-0.007535285216280052,-0.01027639489068716,-0.005499492707467944,-0.008143955079560238
-0.005839201090481286,-0.007833921705710385,-0.002400672529181106,-0.005872316446437361
-0.005429302620157375,-0.004557632243783655,-0.004710437153851734,-0.0062515165736056
-0.008621965052251965,-0.01395174266914184,-0.01515080341530723,-0.01086090924192063
-0.007461587059927208,-0.01285040679173761,-0.01656836205955129,-0.007615727724905335
-0.005982780346656144,-0.006337639158702543,-0.007119422134250547,-0.004462198641890123
-0.005914589447351125,-0.008499773590350083,-0.003428467627188746,-0.006146866357661498
-0.006602265265487191,-0.01102280997081766,-0.009625579433209132,-0.008057042774407188
-0.006585099149195507,-0.008790435991563707,-0.01515210611105853,-0.007338876620655961
-0.006512294808660201,-0.006264311256005215,-0.0002381833244234893,-0.004147115873418862
-0.006045325623226637,-0.006591183116993761,-0.003113360426494103,-0.005826592323020435
-0.007291139001398264,-0.01160069176501883,-0.01827409301559973,-0.009292918771165108
-0.007303066751231648,-0.007583141359449147,-0.01038482008607487,-0.006086837857013062
-0.008207517351530249,-0.007186503492628395,-0.01299756707432411,-0.00630824574691224
-0.006807838895764346,-0.008289250682238921,-0.000667208758360946,-0.005828230998629359
-0.009303712515054616,-0.01374166672540067,-0.01574535301829634,-0.01057889333092229
-0.006371653074813194,-0.01160565803556639,-0.0007946343042734179,-0.00848615000933576
-0.007823844139368576,-0.009249623906702809,0.0008005335144994283,-0.008296895762915212
-0.006359671450656093,-0.009299833200702202,-0.01598626177294224,-0.008398957374510739
-0.006778225746550706,-0.001556159643218592,-0.008464480286387216,-0.002840977431915154
-0.008058418676783495,-0.006685432923622892,0.00931628578304542,-0.007399704559829828
-0.006030172920958356,-0.008012942854388028,-0.00703678990736791,-0.007038194514895854
-0.007358021489627851,-0.01297237088542512,-0.01345256774763798,-0.01035581834613013
-0.006913356323147144,-0.009999979930919565,-0.006869118573338614,-0.008331029625298261
-0.007164871180153769,-0.007765476987400501,-0.001754586939279084,-0.006813295708246657
-0.007745906264353129,-0.01103170341896488,-0.01101741306519794,-0.006834100716921543
-0.006059138974269457,-0.004673762470465515,-0.007308683950264195,-0.005462699392794332
-0.006345898450618949,-0.008286504615077446,-0.002889460959288237,-0.005605991076004561
-0.007055792105254725,-0.007439880960031326,-0.01279668599109018,-0.007735949037900149
-0.006098805287334487,-0.00964063684117676,-0.006566527976827635,-0.008146689989647609
-0.006876009679268632,-0.008264938744730378,-0.005124886612013671,-0.008808659065743522
-0.006831687911820986,-0.008968309911252798,-0.01225936459865413,-0.007394065727449928
-0.006247169758326351,-0.006557156877310664,-0.006325484911757974,-0.004970928997067471
-0.008324216507619131,-0.006076462221386442,0.002076433615148244,-0.007150158820763071
-0.005850510013671835,-0.007035989584344553,-0.004936101070831607,-0.004980977586713519
-0.007225982002011591,-0.004808036864977639,-0.000892939886619459,-0.006205457156758644
-0.005788977942923055,-0.002147317101072196,-0.005724989032607041,-0.005273665240348753
-0.006765916567517626,-0.00514825700693112,-0.007843521831117741,-0.006622570074467349
-0.0094698022657519,-0.009906294009605313,-0.01759963188122456,-0.00763064075164738
-0.006106522784082896,-0.00938980089084809,-0.004664925466276228,-0.00709312861460618
-0.009329463074825788,-0.00797275586212753,-0.01132124749971225,-0.007181564756906252
-0.005844439658242931,-0.00797844846981915,-0.008870844508070224,-0.006485453631332974
-0.009591457228078722,-0.01106964254738051,-0.013378575952396,-0.009195459195266188
-0.0057682752560755,-0.006580821740824169,-0.007707785452652558,-0.006355832703655508
-0.006874276016988612,-0.01792780353887688,-0.01522253421256246,-0.01217948286015382
-0.007700659490195301,-0.002075043662278893,0.001127077352200249,-0.004185636410024469
-0.006669775850844116,-0.008756542380596996,0.001025272617549616,-0.007670493422403449
-0.008230448364323094,-0.01460357859630303,-0.01566940790620347,-0.01116731763062894
-0.006036742837581024,-0.006333432676403144,-0.01001449913354636,-0.007283991537664559
-0.006428654314850868,-0.004865202127086638,0.004031674969492929,-0.00620402813893732
-0.0067715047188548,-0.01421353540628453,-0.01113713444089735,-0.01187637995741748
-0.006980572219449916,-0.001667918998823399,-0.01166405811924912,-0.003260186793478891
-0.006081019924706846,-0.006836241019996426,-0.006589582056428412,-0.004702937763079349
-0.007008741761354208,-0.01170364522604113,-0.004195824018725229,-0.007852035412758362
-0.006469024988234904,-0.01331030235734179,0.004090303449796908,-0.01007700317854006
-0.006536069094726192,-0.01349802084815982,0.004282203377596612,-0.008728231582296818
-0.006932778739866049,-0.007598534500642169,-0.007743351435952056,-0.005533718054288581
-0.006887709707200934,-0.01100262101923312,-0.002575378815701405,-0.007687415167083797
-0.006694885014129606,-0.006844838640217476,-0.004211744275706584,-0.006660934080515843
-0.006184929192808629,-0.01285513233506445,-0.008156620617776661,-0.007491036495228856
-0.006674557826462554,-0.008195389252933161,-0.01717411406255947,-0.007340728109683097
-0.006814628458540629,-0.01033654704664332,-0.006535917313056455,-0.007734377685256125
-0.006527982806554251,-0.01052134418562632,-0.007380840300570337,-0.009304848219925764
-0.007068964228894099,-0.008355991617363692,-0.00274995005076051,-0.006861055459786449
-0.006711163419767013,-0.01577134059127975,-0.006703251271812601,-0.01119688605377265
-0.007013277578006587,-0.0101004489091731,0.004224694561282116,-0.00739925951646611
-0.006699329812030435,-0.01161840771803976,-0.01127585066959117,-0.009860570987129485
-0.006309286224752386,-0.01155170089449399,-0.004945031295453046,-0.008943157625129865
-0.005566237350825954,-0.007236217569357231,-0.008227194035863835,-0.007012350627363642
-0.008175792879330188,-0.009732296192284468,-0.02065233523870403,-0.006378363814960125
-0.005492792768539831,-0.01381516052232075,-0.01245362876199392,-0.009811304148186418
-0.006219145204916078,-0.009456351634056184,-0.00410785287294726,-0.008760059047207487
-0.006299239254567249,-0.004090292861871314,-0.008946111573671648,-0.004240673765287509
-0.007402318181519597,-0.004699280403322424,-0.008349837708219916,-0.003714088872062895
-0.006715766497740119,-0.01371174673002092,-0.01077189780562497,-0.008791917372241383
-0.006653193940763764,-0.003730031330282474,-0.0156590450601546,-0.003378855522531859
-0.008156837152265287,-0.008794661472189309,-0.01738329503411756,-0.006831552220854091
-0.006343798932109648,-0.01124822447136471,-0.001498746886793809,-0.009686354429878138
-0.007447549177673374,-0.009817584024945545,-0.01472525638652629,-0.006858953835550993
-0.007525448631481706,-0.008336190456877966,-0.009436465437880391,-0.007541779985323212
-0.00888148435332521,-0.006525022988869285,-0.01699168114393688,-0.006465604630839307
-0.005852367226448045,-0.01392385113113238,-0.00482705782818104,-0.009470778688435127
-0.00524864519562471,-0.01130095571107127,-0.007679726141136751,-0.007342258258130403
-0.009197572178110404,-0.009545196774004288,-0.01693810619646694,-0.007720379589799676
-0.008292693510561285,-0.005993904619720205,-0.01878820895091906,-0.005091605030181227
-0.007096496272455175,-0.007079295919660751,-0.009714286778113592,-0.006878482572504783
-0.008308026460729475,-0.007302029933566051,-0.008397028950506235,-0.005474736817814449
-0.005222382470797282,-0.01569216079851841,-0.005596921598996121,-0.00945620727512846
-0.00838098414040883,-0.009548184879923208,-0.01319958973837203,-0.008105004594207547
-0.006716281887305179,-0.01079450345289899,-0.005259437869937545,-0.007081439045377208
-0.007427192967391858,-0.01016532756486158,0.004263155393591022,-0.008132902095199658
-0.007203295235590811,-0.01322336381082645,0.0007053823654428748,-0.008846265191509026
-0.00736732587509889,-0.01229358790120524,0.003184516557910969,-0.008146492472279398
-0.006713190904486686,-0.009755022502593323,-0.01421522614342039,-0.008397370644177381
-0.005319187826841603,-0.006580802715725849,-0.00240345474764592,-0.005519960953648323
-0.005033270049695059,-0.006804634837088578,-0.009387238715926597,-0.005116240249663396
-0.005692730364029779,-0.004638971729140266,-0.006398219446346561,-0.006325523843831943
-0.005918424610106532,-0.006876637821159243,-0.008923768444820866,-0.005662038764751151
-0.006406724994328454,-0.007302602385776641,0.0007904507941712477,-0.007196593543339187
-0.006445169921887815,-0.01051068297935964,-0.01431107712427757,-0.007765887947896439
-0.008952120734448177,-0.0114322032095016,-0.01381807904241672,-0.008719862424186486
-0.00969912670639084,-0.006434708474690195,-0.01417586895802329,-0.005896108215053016
-0.007778367151009968,-0.01455206734776218,-0.009163851998836282,-0.009855453116029053
-0.006658052078112101,-0.008979867146206348,0.00278515904708302,-0.00559694116806267
-0.007008177115406794,-0.01107837293963569,-0.0140874353584297,-0.010252878703593
-0.006763416299744827,-0.008397196439755348,-0.00512211132631692,-0.008939005689316847
-0.006908143614957358,-0.009363229000333378,-0.01120387356318474,-0.007578822873756316
-0.008066727071958508,-0.01481353484629707,-0.01438965222324924,-0.01080895768401334
-0.007285798223023377,-0.002169736523249505,-0.003664427391377697,-0.003280274902465336
-0.008984091824965894,-0.01223693067999734,-0.01676782104607068,-0.009902875326471964
-0.006681582056094648,-0.009935196772333465,-0.006801238207503248,-0.009242439418698936
-0.006751564189183608,-0.01684379569984504,-0.006719409520577473,-0.01070175458632565
-0.005978738064390953,-0.01092839972202929,-0.008626120432500045,-0.007239459118853307
-0.006493330197642824,-0.007583394775226435,-0.009853091754692024,-0.007874272113467294
-0.00656381297236518,-0.01225621126032481,-0.0004690339116973936,-0.008806519656986677
-0.008191836561857912,-0.01721569835221449,-0.01409954934133411,-0.01177550926939237
-0.007421695928243228,-0.01131656216971035,0.003125281425470163,-0.008111272111281879
-0.006165375825305831,-0.007603382446288743,-0.006453490226387895,-0.005799678708364251
-0.007546857820914701,-0.01329698345059078,-0.008424225404415637,-0.009700238496456943
-0.008651406803987495,-0.01351648846500771,-0.01691613601246652,-0.00927897065721956
-0.009008418345989809,-0.01435070279902965,-0.008377193708990555,-0.01153889090691542
-0.008131617106619603,-0.01256591163517316,-0.01087786713948224,-0.009200000304901595
-0.005286472161031952,-0.00637488452427302,-0.005893587326925635,-0.007506623767368155
-0.007840821718145461,-0.00920562966132188,-0.01375041253568781,-0.00565019321313379
-0.005863060533395901,-0.01669412768697948,-0.005717963289410915,-0.009717108212858542
-0.007301692814995039,-0.005117130318375672,0.006121714989464812,-0.005396009354647121
-0.007675895915364483,-0.01153410814877722,-0.006345784738478656,-0.007785693905344875
-0.008472748455380312,-0.00950290104134978,-0.01682611306733731,-0.006985613144888519
-0.00969297323278002,-0.006608736543533792,-0.01828390671098306,-0.005867422940507975
-0.006546629067115223,-0.009088546246947623,-0.01264309396112415,-0.007056945439425331
-0.006590379258865078,-0.007450482007134669,-0.004070661584565227,-0.005473793113688121
-0.005858335972923311,-0.01512472516838087,-0.006629186971777674,-0.01026171208802801
-0.006998192904280831,-0.00743252666496651,-0.002647964362461113,-0.006624507561710783
-0.007299037347100986,-0.009742453378153264,-0.01000822603382691,-0.007253584555965862
-0.005787388361217988,-0.008542529806555668,-0.001797061857801128,-0.007778054802355344
-0.006358615604224072,-0.007560628928832646,-0.007292772582730536,-0.005580690815814777
-0.006734665336132564,-0.01065187582737653,-0.006474513024885982,-0.00858455392586664
-0.008176817303422039,-0.01245024632392724,-0.0176089283769566,-0.008562707915669609
-0.007291377754131448,-0.009208707775864404,-0.02048680636487779,-0.007506171082739217
-0.007716843794048973,-0.009091431082786929,-0.01270060017839135,-0.007632267657845901
-0.006908318656764094,-0.01213410915368575,-0.006735642512093363,-0.008560299255365533
-0.006044564326012383,-0.007412713880948846,-0.01526634623402129,-0.005548473155282427
-0.008265903350174872,-0.003165067011629203,-0.01191863767038332,-0.004063058810740696
-0.006545467487929809,-0.0143077520218578,-0.009204639908184783,-0.009680596381927076
-0.005972911591114109,-0.01066839866571075,-0.01208752959616555,-0.008820126289099102
-0.006989506098326784,-0.00659474425510237,-0.001881856159998628,-0.004829492838567149
-0.008214602130250676,-0.01095190919478612,-0.01753600674807235,-0.007604223098268107
-0.007654353781706544,-0.01307877533909189,-0.01251580067925698,-0.00923000076306334
-0.006834476714928983,-0.004116278854908922,0.003162107909269019,-0.003907225130389175
-0.006043872871079813,-0.01405771716775734,-0.003039313140741367,-0.01010430725353778
-0.007512825601778485,-0.008313083160493872,-0.02047492844100848,-0.008059070920253167
-0.005945344476963379,-0.004565718506376653,-0.001672245842541204,-0.004418294163494896
-0.00864718379240139,-0.01430364223865058,-0.009498705005032228,-0.01149193203612335
-0.00582438088410231,-0.008644557086770106,-0.006193499706532777,-0.007793629858415048
-0.00870714639138933,-0.01089385128490361,-0.0118149244494371,-0.008752804324451796
-0.006195448400181732,-0.007947030901397258,-0.00947891469923646,-0.006181084844349254
-0.008254593938875182,-0.01121712856904,-0.02174527570580151,-0.008897719347945029
-0.007008625393626358,-0.007123549001137723,-0.002474737560759369,-0.006404504036389688
-0.007677474868676155,-0.009482571569783108,0.0009877253069535165,-0.007424794387163938
-0.006178457407591417,-0.007514194548910682,-0.01457900570144175,-0.006136883519351369
-0.0094106505707232,-0.01104183407407633,-0.02053953863317549,-0.008089160084063072
-0.00615121365694563,-0.007751351126547368,-0.00947519121118042,-0.005820619257261525
-0.007189773360408586,-0.0076158966164614,-0.01283898316316202,-0.007354982056614261
-0.00721885301194429,-0.0116854230238146,0.002889216565932537,-0.009340789800517158
-0.007353296053065673,-0.009472637006567874,-0.0118899653053905,-0.006281740771280764
-0.007907072168455372,-0.01113589941385881,0.008770609546887426,-0.006458456998596361
-0.006586968834034698,-0.01388943421948732,-0.005638333650068076,-0.01014788202265451
-0.007435685971204824,-0.01288496421395168,0.0009968167500807815,-0.0091473790619273
-0.005811316961043827,-0.005678611267143344,-0.01009056551852316,-0.00741034685102967
-0.009369225152727628,-0.008325230681260927,-0.01268903909318692,-0.006326431268180378
-0.00911279655260607,-0.010376533556478,-0.008678373308396487,-0.007645910665178775
-0.007828575345122896,-0.005367630496357089,0.002688654528179492,-0.005510411705187363
-0.007102247176262294,-0.008722722274877456,-0.004336807886623961,-0.007182900909447399
-0.006297477438470316,-0.008941381635819132,-0.01108146398240004,-0.007192503756162788
-0.006904804895710021,-0.013529637901766,-0.001554789300785482,-0.009866355441677991
-0.008380928243044547,-0.007228946348324475,-0.02096237909711875,-0.005882409060020971
-0.007135375980419096,-0.01455223657466862,-0.01338366657013292,-0.01097381883466354
-0.008536916307230248,-0.007555113512536215,-0.01527683973862738,-0.005595026092174669
-0.007849985398558267,-0.006508102243446745,-0.004677265385611085,-0.006165978743935478
-0.008572701664305217,-0.00928017204291888,-0.01632412469538535,-0.007837150071923923
-0.005636169552616292,-0.009449531747490513,-0.006535051051437572,-0.009802991391245804
-0.007562460786929666,-0.00900281576964313,-0.001913288857193942,-0.006445380533018854
-0.006911809550781791,-0.003120108078842093,-0.01606650226078346,-0.002953803421467034
-0.005897969240857654,-0.01079862604834449,-0.01027209547569263,-0.008557272042966923
-0.007332360757903738,-0.007507298989236197,0.0009360543487719336,-0.006040657530497727
-0.008175526908257945,-0.01039429458800384,-0.009315690206422396,-0.006862353968166804
-0.009433236340278022,-0.008653333690377008,-0.0126025334696996,-0.007067837814352045
-0.006848087052335204,-0.009491974484941736,-0.009230628043912843,-0.007029196727081506
-0.006389926996404168,-0.003860406710543713,-0.01787076753626976,-0.003822372296073023
-0.007663541865971779,-0.01382229365070177,-0.003581072271703263,-0.01120573294113704
-0.006467111768153256,-0.007573080090979734,-0.005018616367072994,-0.005623729828868267
-0.007426100849168424,-0.01225613135638178,-0.001172781722956177,-0.008171160442136645
-0.007418897322449419,-0.01204647430002146,-0.009240538534507826,-0.009008881192542754
-0.005776395354899228,-0.01489262252457954,-0.000595580217489013,-0.01023215094574899
-0.006208220184921683,-0.01446225530340733,-0.007980339468931535,-0.01067072597856668
-0.005676287100048928,-0.01398976960679341,-0.003264119036436765,-0.008917975509568594
-0.006065302984631232,-0.01285934876577777,-0.005101283737913631,-0.009495280117079636
-0.007531298163957104,-0.006838428578358667,0.01059860566357317,-0.006933627929112929
-0.007169064238124852,-0.01166517981947337,-0.0104607335186624,-0.009193037091723446
-0.007472605092332626,-0.009516804565462307,-0.01077961859725596,-0.006747466512163702
-0.007899218794790558,-0.01149377067241373,-0.0004305950554759283,-0.009078161826250044
-0.006187181250682744,-0.01115342036486994,-0.0007611968831568311,-0.006870420350357169
-0.007534867126011684,-0.01252460563360776,-0.004315158689318542,-0.01040507074158992
-0.006632435038245955,-0.01004123258135886,-0.007234235336325494,-0.007450123528040273
-0.007217357548745602,-0.006851362634876663,0.002357530970883318,-0.006401577036670103
-0.007045480872215451,-0.006729294166743687,0.007415297585786903,-0.006671056893795604
-0.007139149864965541,-0.007841157414363956,-0.009628182025123644,-0.007161995242478304
-0.005727322568471568,-0.01051886273469929,-0.001452893485105697,-0.007746944947373891
-0.006681462768549049,-0.009429266530299229,-0.004297004068739085,-0.008034464357162499
-0.008981407825239292,-0.009126420010410842,-0.01517553530124441,-0.007641638426839665
-0.006372346883486869,-0.008641833461275818,-0.009001026300599822,-0.006978842282906141
-0.007379258401109461,-0.007687605093255471,0.0007917606128064122,-0.005641811541804266
-0.008145170786905236,-0.01860397193459993,-0.012953993390983,-0.01366079019686361
-0.007533795772584303,-0.01341438566618701,-0.008595173994146488,-0.0096737835283039
-0.006512919042088595,-0.01101551886368819,-0.0124714267602294,-0.007811311146970699
-0.006552950019657455,-0.007134285734482232,0.001367012142444186,-0.006954538810368284
-0.006848413522258883,-0.009488751491610228,-0.0006756817266535906,-0.00726889008929118
-0.006196055142437411,-0.009649235296858462,-0.008465960602563794,-0.005328583146920179
-0.00850291201739093,-0.01088026068691306,-0.01651070112319461,-0.008464145353427915
-0.0101272554432642,-0.0131648027148926,-0.01021438207956974,-0.01021294071339054
-0.007714619017113991,-0.01259221868782514,0.00434500416975311,-0.01052775481077713
-0.007830090870261052,-0.009866561870503922,-0.0143790032035975,-0.007858093982146735
-0.005979449380554182,-0.006772047664402986,-0.007784756953337192,-0.00666926659157735
-0.00601533264639707,-0.00510021346521299,-0.00855110734801288,-0.00430005730532311
-0.00706526963332958,-0.00666827601097832,-0.01187759494720153,-0.006848928250880227
-0.00553246763623093,-0.01304434222043309,-0.002003384812432035,-0.009072281054646091
-0.008941664755778088,-0.0100600579459594,-0.02038273946865869,-0.007322809684760328
-0.007463714200703651,-0.01167440649703321,-0.01710019778073189,-0.008802453212833105
-0.008056802488470183,-0.006887062663001669,-0.02248700824951396,-0.006477496650148315
-0.009734590390903282,-0.006612410194119438,-0.01703613740807067,-0.006686571516518672
-0.007962130589019446,-0.00623135851359467,-0.0123718126854337,-0.005786432452140227
-0.005814540188850977,-0.01037640113391091,0.002726896055876947,-0.008789615867774693
-0.005947430678649959,-0.005816624481995185,-0.007409879831255616,-0.005570325580577881
-0.006706860274327812,-0.01054984582964508,0.001638314063464735,-0.007825626664352025
-0.005855976419447717,-0.00974617670429438,-0.008090985648130537,-0.006678147702544739
-0.008065548308613828,-0.01142265736086212,-0.01927607516371083,-0.008605133753038905
-0.007222190039643564,-0.006387865142087845,-0.01088197408346882,-0.006129271533455907
-0.006492758556480954,-0.008048842745418611,-0.01083485521772709,-0.006883424436660005
-0.00561621225345811,-0.01381297676059983,-0.007024948328239361,-0.0081331242824996
-0.005896882265757289,-0.01305288977871152,-0.007520861494237892,-0.007662298379103673
-0.006366283897386497,-0.007795645030660259,-0.005400640095735773,-0.00558799341688605
-0.005480439743432178,-0.007797270489018882,-0.005045934362124128,-0.006516033169133707
-0.008773915691191179,-0.006598796448618487,-0.01868559380038486,-0.006293128198812095
-0.009240340457267252,-0.01309504140472654,-0.02270097625370279,-0.009930825975067349
-0.006517346611493689,-0.00823920883924894,0.003801230312741644,-0.006346409699430362
-0.007519820644182364,-0.007207657903835864,0.002647107785219507,-0.005117897318135913
-0.007954080646596902,-0.004120647445658644,-0.009009672932665372,-0.004582099109489351
-0.00551591923132864,-0.0113542997278263,-0.008435925985713966,-0.007986566428111415
-0.006916564190714825,-0.007265500417209931,-0.006064000330778376,-0.006422748380975413
-0.006561095643344693,-0.008759980047169828,-0.005280528788037754,-0.006287515536523962
-0.006861265014105309,-0.00857273000400329,-0.006037478703203058,-0.006990751837295243
-0.007974643242292271,-0.008728093314830853,-0.009715719998283516,-0.007737154922647599
-0.00686126332877194,-0.01548567716623803,-0.01835349998212279,-0.009973337434551331
-0.007538983826107307,-0.009051176217299063,0.002040776418743218,-0.007146507984245628
-0.00684210616716292,-0.01297790865683365,-0.01229849229203369,-0.009768916658596508
-0.006338008939538358,-0.01297613983323293,-0.009418814727020488,-0.01058743133059363
-0.007911886993629252,-0.00800917565016496,-0.01477510279017101,-0.007367054702793416
-0.00646260296644929,-0.01041597324927172,-0.01027101529055594,-0.00797549179505465
-0.008734061361026889,-0.005313319651984321,-0.01943591655266934,-0.006803335100433716
-0.009454520571837611,-0.02014299717406959,-0.01114222989702392,-0.01378302069053864
-0.0069697587490289,-0.01198892577379271,-0.005347391533734243,-0.007954997789591373
-0.007464872278660984,-0.007960742877529065,-0.002173205441118297,-0.007449667961567612
-0.009246726018461614,-0.007532961699884962,-0.01882542347186168,-0.006967520431568643
-0.008203820026757538,-0.007418006768276531,-0.01595117819678168,-0.00705229288453108
-0.008017216319236558,-0.01104235152667844,-0.02049581024711125,-0.009053483175539749
-0.006173917162200704,-0.006244893917072635,-0.01563689477780215,-0.005693240068795171
-0.007522398840656197,-0.005415035854470536,-0.005806155271307688,-0.00559394760113228
-0.006489011905329867,-0.00888332912288716,-0.008147937847859226,-0.007996265696755305
-0.007384282108666127,-0.004750286655173752,-0.01219570691882967,-0.004684878869651353
-0.007070708277374591,-0.01185587820170898,0.0004298405686723739,-0.008202343360578047
-0.007117731820674069,-0.009711270237997656,-0.006409357204161126,-0.00853757149726876
-0.008347798683963018,-0.006845265823268202,-0.01116444141778725,-0.006408879835575499
-0.005034761406712697,-0.01264177833918662,-0.01067968693395762,-0.009094707910986115
-0.009833887555775148,-0.005531095608752271,-0.01447697331491142,-0.006274972412116266
-0.006163583293041984,-0.006218149961112148,-0.01266782509839048,-0.007639696228099295
-0.009480194723151193,-0.004264156666989753,-0.0171435784021173,-0.005338974271054267
-0.007091868275747157,-0.008328348126321754,-0.0009181464251940188,-0.006672325286135389
-0.009694580899179949,-0.009546408825488684,-0.01444798478354244,-0.006816057054474137
-0.006567384671691859,-0.009903315839863638,-0.007841164731676942,-0.009049462935447295
-0.005746999807291057,-0.007130081788875656,-0.008218454756610913,-0.007888111147245216
-0.007912066861506292,-0.01238160044993963,-0.000345390250979986,-0.01119374081402856
-0.006710176857616473,-0.007041135257707564,-0.003760529273420034,-0.008479594524351085
-0.008584849396725951,-0.009789026472369304,-0.01405986872674106,-0.006129815617670496
-0.006059867323653285,-0.008085100575734788,-0.01094185014031598,-0.006521789048164148
-0.007520834557504158,-0.007012106805645735,-0.01527237844653357,-0.006155793416518756
-0.007824944792038864,-0.01112433067125635,-0.00948422443220258,-0.008465828995970991
-0.00710196227959542,-0.00719372899808267,-0.02036142676967881,-0.006733217221003936
-0.006817649684045333,-0.009824902581372351,-0.01104280610359499,-0.0082380777925623
-0.007110822857495838,-0.009347115000851412,0.004331567488604325,-0.007341598127926282
-0.007024317280805249,-0.01609649829901079,-0.0001174101090501752,-0.01042133438838845
-0.006923746489551037,-0.005251665835469643,0.003872254921034206,-0.004938708544524294
-0.006872816491143143,-0.007832019502860253,-0.00310686475527735,-0.006352805296583762
-0.007527899880324714,-0.01060016724181567,-0.008943243861019476,-0.007612561756319213
-0.007443750753427843,-0.008281983518183707,0.002191062378642288,-0.007457813890222022
-0.006389863455585614,-0.01532487539872893,-0.01341898589591871,-0.009338860111029587
-0.006454498436695131,-0.00922733620852677,-0.007786512155281762,-0.007984745431181026
-0.006414346482259007,-0.009316672486525878,0.001916136967752004,-0.00785952491362394
-0.00800964732585474,-0.008923251585372204,-0.01894066161340086,-0.006442479479885447
-0.00659058868069355,-0.01028087816914326,-0.002067096329017647,-0.007414552347726367
-0.006263082240754409,-0.008710956679905745,-0.009726823507432796,-0.005612857552484874
-0.007245526862925028,-0.00648912711714067,-0.004452251234171479,-0.005628937852361229
-0.006884119729153594,-0.005835474788893636,-0.004007074696565626,-0.005618563381442038
-0.005926132503762715,-0.005482028419103373,-0.003334188162596297,-0.006417062455477659
-0.006693777319486923,-0.004815944560525076,0.0002323373846004739,-0.006502013406910334
-0.007528890459002228,-0.009007693483844942,0.01106356493084956,-0.006979023064100327
-0.005891972455037931,-0.01183742307386313,-0.002072470204708575,-0.009367782871495426
-0.006894299067563859,-0.009147686471200851,-0.002219667473671178,-0.007129837939220283
-0.008699750860497445,-0.01471723016070174,-0.01206564284994613,-0.01258990197121989
-0.005880171237790078,-0.00794519808496292,-0.00851465671111077,-0.006112500605759529
-0.007030734069655991,-0.009639339815317567,0.00112077732624436,-0.006609111946736281
-0.006185647975531184,-0.0114727239210221,-0.01042041615142212,-0.009260328315934034
-0.006368177250586127,-0.01400516968187268,0.002580985779127593,-0.01002109365202834
-0.007139062430878453,-0.01194131929302024,-0.01275886966666987,-0.008541649997280364
-0.006680733045795965,-0.00870791025901628,-0.001632971367926816,-0.006032157226671529
-0.006156342065583513,-0.009899050730673433,-0.01141910489734778,-0.006837047417164926
-0.008003184610386242,-0.008015261341427195,-0.0178257015372426,-0.006613965403141122
-0.007010168907868689,-0.01068001551896913,-0.002810653030060937,-0.007138744681910394
-0.006275889868362683,-0.006027557015319302,-0.007677384983046372,-0.005446097288487333
-0.00688485155157639,-0.008062977076708524,-0.0078454790412416,-0.006173262014407919
-0.007498726283466968,-0.006033506263959211,-0.01082624653864076,-0.005482243177574731
-0.007308217754085446,-0.01268908202417166,-0.01549557616021612,-0.01002570777786663
-0.007267936917209908,-0.007358446263480325,-0.003973196243581919,-0.007404418342049799
-0.006774821090443989,-0.01095084422475686,-0.01079922535050149,-0.009904610616489708
-0.005809728346760927,-0.005737056143728275,-0.008366514348666384,-0.006018186943278953
-0.00684571874691952,-0.00561430238918246,0.001896258331975705,-0.007202582140793502
-0.006235489306363584,-0.007128846014900001,-0.005814105439045942,-0.007199381833906585
-0.005730823398189767,-0.008037769950025243,-0.004715204927520681,-0.007524267265094021
-0.006869199674772205,-0.01317903806686764,-0.003562615878871072,-0.009593855189627756
-0.007699164774939513,-0.01657098805127894,0.003281826360842222,-0.01044151227830886
-0.009425794738386275,-0.006197604319552662,-0.0150607789319126,-0.005305406029924224
-0.008061150917745511,-0.008312988684068202,-0.00952289382835167,-0.006280961799498855
-0.009104437068525848,-0.01032097462995468,-0.01937804793614003,-0.006782816689826112
-0.008585570514960698,-0.006100738199487414,-0.01517888604970818,-0.005280254842964177
-0.007287312863952819,-0.007191888322405386,-0.005393535691616845,-0.005663430611774618
-0.006517396522231673,-0.01237824350515253,-0.002534475905223689,-0.0085091281081622
-0.006323028044878023,-0.008224759032498046,-0.02205516272890002,-0.006572885610881528
-0.007971171059079489,-0.006123475006414266,-0.01564209350450749,-0.005054318108362231
-0.009136514811477916,-0.0111199724649044,-0.009845172038912829,-0.009127175635656432
-0.005910121928056188,-0.01228930946482537,-0.01604719461498827,-0.0099885019248449
-0.00703264587047785,-0.005136582567764486,0.001234338698668101,-0.005175010966107979
-0.006210475248798695,-0.013231364926709,-0.004317586143998835,-0.00886746050409406
-0.006848897080955776,-0.005853373171951304,-0.004515124089088175,-0.006280325900554209
-0.005963888062181648,-0.002560264708371957,-0.007268186030345806,-0.003592028043102115
-0.006752306269155742,-0.008072831253993164,-0.01091711352064907,-0.007796009033235696
-0.005462524962196624,-0.0105275401958036,-0.0095805122114507,-0.009622042358762326
-0.006636990281534276,-0.001599863811846885,-0.001508183651699789,-0.003833014930257884
-0.009662045110234769,-0.003434469773618908,-0.01307096638532572,-0.004661789554573068
-0.006060076591212335,-0.01311153883636444,-0.008403700921526201,-0.00931067538982807
-0.007986563854882153,-0.01177477747984026,-0.019594241835919,-0.009261636934027515
-0.008184639724974532,-0.01037765528061776,-0.01223634154817258,-0.008501335360966887
-0.006311458290938954,-0.008438498537581753,-0.01216590236291454,-0.007626379318029104
-0.006481494896462237,-0.005579449650841818,-0.003514934298637038,-0.005540394608231993
-0.005403189937088239,-0.009312410349946544,-0.006114632488024579,-0.005482695207991103
-0.006566222392027071,-0.009278811345835514,-0.003028840737443864,-0.009375182747262224
-0.007943491831557615,-0.004182114700966239,-0.01910800527419806,-0.004485199412475577
-0.007844212724627885,-0.01433654183856856,-0.01375852486381521,-0.01105411861813062
-0.007030216852616058,-0.01437178687642193,-0.01599622929402775,-0.009590875198866566
-0.007021935606377053,-0.007363700206420782,0.0007093441190082622,-0.004701097064533625
-0.006041866980758442,-0.003855189126821678,-0.00329686321594033,-0.005551084637128204
-0.006454833689723552,-0.007653018949867759,-0.0003174704422173481,-0.006882612108223203
-0.007690708657820557,-0.01441265546199537,-0.0099633549864222,-0.01128246977948488
-0.00723981914154157,-0.00545538642324866,-0.009777040979460314,-0.005452148606798534
-0.006877715376085957,-0.01073460660535965,-0.01079476602107437,-0.00814176985794354
-0.008618413172179245,-0.01237669643388041,-0.01673831580278679,-0.01009638581283577
-0.005734239567226832,-0.009520932913186123,-0.01351359186463865,-0.007570474806755557
-0.006744609383174848,-0.00904692058968151,0.002424753433955311,-0.007754450427257348
-0.009406515824827691,-0.01887029773764795,-0.01715073530474371,-0.01434311827831508
-0.009394539573975486,-0.007023889412177167,-0.01503102548773911,-0.005906983944474492
-0.00614825163543863,-0.004778765406546068,-0.0007511357941109818,-0.006106064504159368
-0.006575424219846977,-0.01136783261872369,-0.004772460757383632,-0.00803794241659658
-0.006477906170315552,-0.006232181898303539,-0.01458434187639369,-0.006573774670350875
-0.007624870369019193,-0.004469772657242944,-0.0164719183031573,-0.004863561874585311
-0.007628145437541064,-0.01068249671397807,-0.01529389223211627,-0.007462793927279642
-0.005505999304235914,-0.01112915272075302,-0.009352469065525544,-0.009456889777435008
-0.006403013389102691,-0.00665379101434876,-0.002781664341193579,-0.005768792339212566
-0.009509805395539622,-0.01200720798685988,-0.01651543293975499,-0.009300744755290255
-0.005973977415962543,-0.009895475504030422,-0.0007043197240248853,-0.007803479853481577
-0.00650951877323195,-0.008442560983171506,-0.007291307536942779,-0.006725647410489292
-0.005857207032264981,-0.008887053994722768,-0.005808552402674373,-0.008671451059014724
-0.007688795258951168,-0.01363623478194008,-0.01805885010584804,-0.009297628022514442
-0.00678802575231878,-0.01272344295373151,-0.00777912707536947,-0.008395163273611408
-0.006446603498697819,-0.01119415151195548,-0.006917878865927964,-0.006165487128925191
-0.006652451543932484,-0.01774607971360661,-0.007241490710689193,-0.01276453054479611
-0.006870656682049774,-0.009077565545812266,-0.01571969998244678,-0.007017125925759849
-0.006565146918465829,-0.007240373721789193,-0.002163001707111169,-0.006225168056524155
-0.007944393788164826,-0.009627233604798485,-0.009641402352088636,-0.006808236851708314
-0.006731365646147701,-0.01264442228928615,0.003397707544618871,-0.00929268372116418
-0.006906695995581722,-0.01119540614171671,0.002180100801419747,-0.00780277900770442
-0.007539787782649639,-0.01041004911126514,-0.00328680680472957,-0.007639392842747063
-0.006891622694960886,-0.007098215477540332,-0.01602146689859683,-0.006450242545089487
-0.009325780013545342,-0.01011104018727471,-0.01826817060305405,-0.008188185303403879
-0.00620279489684817,-0.006909172224149041,0.002801268621692731,-0.00582801359751951
-0.006799648084526284,-0.00612121748135579,-0.003247907063614215,-0.005870827562043351
-0.007418177937158689,-0.01326091057278305,-0.008869976929236552,-0.01063801338650481
-0.00790019559758474,-0.01921028415119494,-0.01175717186378141,-0.01310926443641903
-0.008078248802616858,-0.01315657376971559,-0.01189235810391156,-0.01034933650138068
-0.005961690510480532,-0.01249160646997941,-0.001415666300571609,-0.008604441870916968
-0.006363601284347616,-0.009658402220550267,-3.895779759718887e-06,-0.005580811836181035
-0.007305184686702463,-0.006636059768151552,-0.01550243135159074,-0.004864016873292762
-0.006094378516263625,-0.0115599923165965,-0.006935654107610319,-0.007977854660702936
-0.009726013441236516,-0.01560548597490283,-0.01724260181127434,-0.01308632339278049
-0.007967845913867686,-0.01300874976440839,-0.01567768666874332,-0.01087025044596498
-0.00878210776483658,-0.01376878954941991,-0.01574783347432043,-0.0113459072661114
-0.006520725233910785,-0.005271761863031756,-0.007620805306854526,-0.004938524922039548
-0.00616188436944004,-0.01224794282552423,-0.01136484923433372,-0.0107258143230086
-0.00804502026409299,-0.01099882197066137,-0.01452293750547454,-0.008500759697637715
-0.007249948724038003,-0.008919392076086073,-0.01144654713027499,-0.008421141530634309
-0.006704199734150373,-0.005798371325092276,-0.006135247879448659,-0.005690619821059468
-0.006340779408613034,-0.01259963666688357,-0.005693767643152253,-0.00878762175158911
-0.006078586829295576,-0.008094163627518136,-0.01070338677877696,-0.006877209865127256
-0.006438682279515766,-0.005813527938498758,-0.01212543703484476,-0.004625463888426117
-0.006345584538901806,-0.01185271019015144,-0.004096849242547784,-0.00906550435971064
-0.006984782701745401,-0.005115605686144433,-0.004132511109177216,-0.004589259478185656
-0.005598129387748034,-0.006925929111597801,-0.006226785967316375,-0.005387252817458532
-0.007099572231338232,-0.007072847778668966,0.002952139685534642,-0.005932966247760958
-0.009027969886631303,-0.007167406574326201,-0.0195207652030537,-0.006862089932500224
-0.006399778190771024,-0.006545140787187623,0.0003201047547104034,-0.004835557744096323
-0.006140503390644916,-0.008235506099136088,-0.004125952419236532,-0.00615822478852521
-0.006812844801917921,-0.007472733421487177,-0.01292862594253855,-0.00594587546975977
-0.00967043897653858,-0.009503381558183753,-0.0108467767155749,-0.008626473326525573
-0.008248842284795267,-0.01004540109916755,-0.01891010624805658,-0.00893168618356659
-0.007148873233738432,-0.01341237169422636,-0.01263792460323132,-0.00916280883153262
-0.007603657102751033,-0.009107131766860566,-0.01923991897880054,-0.007525524826505085
-0.008598244164812172,-0.01148089647969342,-0.009199268973173316,-0.009279735166676364
-0.007782771260441385,-0.01096365444770665,-0.02125100227058326,-0.008558112243845568
-0.00650038788550162,-0.008257187088963166,-0.007854305891440006,-0.007278408317273426
-0.006692809434469939,-0.008402821221958871,-0.00877121752454461,-0.008445024621684484
-0.007820819295083716,-0.00621160715257522,-0.0185385029366693,-0.005434900171570551
-0.005979425863045194,-0.01198179046091192,-0.003712026141260793,-0.008722608537178355
-0.00666521424626353,-0.009481775491148635,-0.01309572089566393,-0.008043287427888908
-0.006815469577364537,-0.01029030556991536,-0.01411001697872105,-0.007680194919205534
-0.00718103350204518,-0.005984685613528088,-0.01299492742723954,-0.006049451245778117
-0.007559290335700339,-0.003628700183072895,-0.01032093631506627,-0.003031971061283654
-0.006617681850825854,-0.0106197291483694,-0.002488828570636139,-0.006387016940644051
-0.008438739748994839,-0.01018528814665601,-0.01435063642198216,-0.007350397419233723
-0.005675767186578877,-0.003905846523250613,0.001160724787997705,-0.003694990685140777
-0.006567207617512595,-0.008082052948178025,-0.008911687170215564,-0.005277877138638333
-0.006385917299427914,-0.01182211871057085,-0.009175499496457882,-0.008251529017940646
-0.006619940537251113,-0.01093812674453941,-0.01266227872819411,-0.009012424949193297
-0.00736744878961041,-0.007698725432061774,-0.00060599750333774,-0.008073306934357705
-0.006251278870209266,-0.009310410816495002,-0.001241972277346385,-0.006874464594175739
-0.006293469644051312,-0.0112228423811229,0.005467516749054293,-0.008411797398290247
-0.008603820098916085,-0.00720006439687953,-0.01811394929939698,-0.007141789215876264
-0.007199310915468177,-0.00500633065855814,0.0009795935448337833,-0.005876887063571287
-0.007420200339704849,-0.01125278212281018,-0.01189553831922965,-0.008099915132523838
-0.007763628199072489,-0.008991209063675036,-0.019229032631896,-0.007800376382931214
-0.00807232733991781,-0.01372180893513692,-0.004462509114795735,-0.01034078385449726
-0.006941728591139572,-0.0106671885347843,7.16833314801657e-05,-0.0094598052958031
-0.007610455934967625,-0.01294851305382249,-0.01260310054217074,-0.01084709862309129
-0.006292193441553418,-0.008934251429760306,-0.01106874383652702,-0.00704610355069383
-0.007860905129467893,-0.0097458287414764,-0.01448233022393099,-0.006465249738490251
-0.00639472266997161,-0.01195026214207103,-0.01342165469292185,-0.008797691323191371
-0.00946961058121361,-0.01187626901648926,-0.01723457340768337,-0.00985058366985084
-0.007154134798502013,-0.00415939034852756,-0.009965931722939223,-0.005371792446733937
-0.007449742313049122,-0.008424032429054465,-0.01947844647052886,-0.006607550388460762
-0.00686031157819884,-0.01049787344463917,-0.01047214605496511,-0.007070985662438937
-0.006248161213706535,-0.01478033848866505,-0.003546386940607143,-0.009129355182626812
-0.006046066677025734,-0.003569361479109624,-0.01058414913484288,-0.002968157350997681
-0.008384031553105454,-0.0105585803940167,-0.01817091378275182,-0.008832397816310322
-0.009302832842681612,-0.013830858792971,-0.01675842498359548,-0.01089729645903857
-0.007066825079483401,-0.01193071630072932,-0.01311467186206488,-0.009102969353496929
-0.006767062521531329,-0.01116243304545195,-1.202756422515744e-05,-0.007585029729032541
-0.006159885516162198,-0.0073398819273211,-0.01497562270265529,-0.007863355068646743
-0.00848230003379422,-0.01557699316818094,-0.01419866507807391,-0.01152727794858261
-0.006467813565719482,-0.01390115839161128,-0.01306178230507491,-0.01024588500620471
-0.007506521702533125,-0.007122074963687368,-0.006174906138439175,-0.006603682820295589
-0.005414562141883949,-0.0105792823841263,-0.006893144353644097,-0.008309845411162536
-0.008384248887881978,-0.008735421904869155,-0.01558064945620439,-0.006428258318587112
-0.007983927411006396,-0.01047790252801658,-0.01813929988547917,-0.00768539935829886
-0.006705190472055143,-0.0130576425489999,0.00617803874009925,-0.008254350877689809
-0.009534251489280887,-0.009018296510899583,-0.01733378174611704,-0.00788420534048647
-0.005831513818749448,-0.008117545939636255,0.002196280500360418,-0.005662597049274188
-0.006104263323336485,-0.01544910013498662,-0.008557668280388918,-0.01016921119952897
-0.006415731337269346,-0.007430188951715266,-0.008929222959488484,-0.005074776468325173
-0.005772579033654458,-0.006809575272859567,-0.0006167607581739586,-0.007523096075934778
-0.006049048887683338,-0.009114089860648902,-0.007083617255886352,-0.007475116674049125
-0.006547962304732653,-0.01285741976220689,0.004148384690725974,-0.007933561923156057
-0.009490419086155898,-0.007269805673108669,-0.01631105079739785,-0.005921663148265296
-0.007459107327069998,-0.01658471859391293,-0.01367278813027922,-0.01280676921156964
-0.005551590130903311,-0.01218693262093267,-0.006817387237714559,-0.008333250639898745
-0.007601640374886129,-0.01032336773062307,-0.00871285433923015,-0.00805602666473455
-0.008136372044652208,-0.01632198037069076,-0.01372306806375543,-0.01206097841949918
-0.007806402067554397,-0.00432834903998394,-0.02752503081682759,-0.005295893609314826
-0.007281721967199259,-0.009683713726991828,-0.008266835087924322,-0.008038144816469674
-0.006585311400675719,-0.0075911051236004,-0.007091931325238883,-0.006402446418417764
-0.009517092003340045,-0.011466365831018,-0.01798312353335468,-0.009635047642068672
-0.006996486955510585,-0.009931147902693192,0.001313403994255429,-0.007660082805720711
-0.006811355241312215,-0.009211500143641674,-0.0128099396503483,-0.007890172799244286
-0.006878864792110854,-0.005187123464550544,0.00342389024511093,-0.005033716975666981
-0.007498146052892864,-0.007050107760477992,-0.02051825893893548,-0.006205474566718158
-0.007373703430233584,-0.007075559660497134,0.001373365674603531,-0.006974863981252495
-0.00703655140556078,-0.01008350332905989,-0.005332082570338945,-0.007821718334983078
-0.00813331645998339,-0.009896386420421656,-0.0122632262631006,-0.007354095823628756
-0.00697753243882614,-0.01156016658355636,-0.01948451889848271,-0.00758091594088991
-0.006007013716829216,-0.00246753901207085,-0.009198211570766031,-0.005282782575443321
-0.007051220154689493,-0.0114893350941776,-0.0008530227920213445,-0.007684153320789223
-0.006892744946888456,-0.008489166999943993,-0.01946223668186981,-0.007885878241957078
-0.007149606233452764,-0.005795292179093126,-0.00204193672880288,-0.005449116392875218
-0.006536389187932368,-0.009455393665134412,-0.003890479305849823,-0.007407480919945592
-0.007505468858932683,-0.008983114762207818,-0.01584839131564108,-0.006562607569147221
-0.007382288022655264,-0.01239416043881016,0.00789907520891674,-0.008047524790768194
-0.006165643890413264,-0.009024191989392564,-0.001432185512215675,-0.006752127304064942
-0.007601428074498495,-0.01206865062316164,-0.01686770965721737,-0.009564691410384242
-0.006163456747810724,-0.01479644379049332,0.0003385146480674658,-0.01132292123660296
-0.007087159634561422,-0.01096090486241918,-0.0008137969369962136,-0.008834971793599754
-0.006290419964610687,-0.009218877221203865,-0.008056915178686262,-0.007620197775259528
-0.00958120568925334,-0.01014329024866583,-0.01333528137794361,-0.009127632000769563
-0.006202473161239489,-0.006779812548610709,-0.008164963489568584,-0.005428430239627524
-0.005773681139374634,-0.01001029045721719,-0.01280131900227333,-0.008116283040411192
-0.007822923631436766,-0.007259428036133121,-0.01081753131278601,-0.006933411309115067
-0.007247521644616643,-0.007724235971323639,0.00281404835135696,-0.007018008819640095
-0.007823043047604554,-0.01104523439923114,0.003890040455370569,-0.007317941795225972
-0.009028717076123096,-0.01160353870969043,-0.02035858248472507,-0.009397050149220851
-0.00681457652831932,-0.00685391230140923,-0.01644702395275729,-0.005962250767432593
-0.00690354791132363,-0.009055335877530988,-0.001713354657699284,-0.007062332493051583
-0.006640307720696483,-0.009146425493878778,-0.0189504533066452,-0.007172891670319311
-0.005836717928091979,-0.006727576648037391,-0.008007311803949063,-0.0067398565689615
-0.006973555165315328,-0.005382622364643505,-0.004218781823748991,-0.004406219974008074
-0.006060655917683625,-0.003934215023228376,-0.008971856579106787,-0.004284447925535638
-0.006783427900113495,-0.01016079099943622,-0.004735558595762855,-0.007284528855877741
-0.005828316703146302,-0.01181020710190338,9.054928919060948e-05,-0.008261554311121553
-0.00917167527386082,-0.01120882362014218,-0.01968301313091515,-0.009215543459844783
-0.005631772428768226,-0.01094668957075966,-0.004724971585016345,-0.007536960379000682
-0.00831756891019243,-0.008062949062107642,-0.01555264240855071,-0.006465458452142405
-0.009045291088973523,-0.01042758367350128,-0.0169135137260814,-0.008550098923803366
-0.006879996344958686,-0.003142938024167913,-0.003450811134902718,-0.004331630319712305
-0.007058738607961411,-0.0007891906032686802,-0.00118648580009038,-0.003204321353448896
-0.007457847934877406,-0.01441804224219255,-0.0003277337997292604,-0.008699149589609675
-0.00561963708054825,-0.008132434904047954,-0.01279657765473366,-0.008672126011694495
-0.006946636358187019,-0.009940688483888994,-0.001063068223560689,-0.006730996000005938
-0.006303788677222023,-0.008184701809605356,-0.005285486078410331,-0.007190074274810603
